<domain type='kvm' xmlns:qemu='http://libvirt.org/schemas/domain/qemu/1.0'>
	<!--
		 This template is used for the all VM in cloudlet.
		 In OpenStack extension, we follow what is defined in OpenStack logic.
		 
		 You can edit anything except the followings
		 1. We use qemu64 CPU model to have compatibilities across different CPU
		 2. We use raw disk to precise get the modified disk

		 Above two things are adjusted automatically in the code
		 (at _convert_xml in cloudlet.py)
	-->
	<name>cloudlet</name>
	<uuid>c7a5fdbd-cdaf-9455-926a-d65c16db1801</uuid>
	<memory>1048576</memory>
	<currentMemory>1048576</currentMemory>
	<vcpu>4</vcpu>
	<cpu>
		<!--
			 qemu64 model is enforced at the source code
			 (_convert_xml in cloudlet.py)
			 svm should not be added since it is not supported in x86
			 (QEMU bug)
	<cpu match='exact'>
		<model fallback='forbid'>qemu64</model>
		<feature policy="disable" name="svm"/>
		-->
		<topology sockets='1' cores='4' threads='1'/>
	</cpu>
	<os>
		<type arch='x86_64' machine='pc-1.0'>hvm</type>
	</os>
	<devices>
		<emulator>/usr/bin/qemu-system-x86_64</emulator>
		<disk type='file' device='disk'>
			<driver name='qemu' type='raw'/>
			<source file='/home/krha/cloudlet/image/ubuntu-11.10-x86_64-server/ubuntu-11.raw' />
			<target dev='hda' bus='ide' />
		</disk>
		<disk type='file' device='cdrom'>
			<driver name='qemu' type='raw'/>
			<source file='/home/krha/cloudlet/image/ubuntu-12.04.1-server-i386/ovftransport.iso' />
			<target dev='hdc' />
		</disk>
        <graphics type='vnc' port='-1' autoport='yes' keymap='en-us' listen='127.0.0.1'/>
		<interface type='user'>
			<model type='virtio' />
		</interface>
	</devices>
	<features>
		<acpi/>
	</features>
	<qemu:commandline>
	</qemu:commandline>
</domain>
